id;client_id;action;notes_priority;note;notify_to_users;remind_me
1;59352;system Human generating;PCI;Congolese;withdrawal blockchains;false
2;97901;Mali e-business frictionless;Rubber capacitor;compelling maroon;TCP Meadow bypassing;false
3;23610;innovative;leverage red innovative;Rial Steel Oklahoma;tan;false
4;93121;Personal Lebanon Interface;Incredible;ivory cross-media;dynamic optimize Associate;false
5;53007;Soft Grocery;invoice;Frozen Colombia;Generic;true
6;24580;turn-key;Indian hub pixel;definition Cambridgeshire regional;Intuitive Account;false
7;18325;Bedfordshire Tonga;Burg haptic Technician;Pakistan Account bluetooth;Account Branch;true
8;52407;Avon monitor;Australia primary;Bike Supervisor;synthesize Dollar;true
9;46949;Bedfordshire array Metrics;seamless Liaison;Concrete;Skyway Direct mint;true
10;48227;hack;Global;Ridges;vortals Cordoba York;true
