id;client_id;document_title;description;document_path
1;34123;Awesome neural;Curve neural;Vermont Account Dominican
2;677;backing hybrid;Skyway Dollar;SSL Samoa
3;38203;Berkshire EXE;Key relationships;bypassing
4;19443;Massachusetts SDR synthesize;Generic Ports;Account payment
5;65426;alliance hack;Money;hard
6;86184;Branding Frozen;Berkshire District;Cuba access Bedfordshire
7;33097;Integration;SQL Gloves;Centralized circuit system
8;87669;FTP SSL Developer;Metal payment Bridge;hub distributed backing
9;7654;Computer;Kids THX;HTTP communities
10;60526;emulation recontextualize;JSON District Center;wireless bluetooth Village
