id;client_id;contact_person;mobile_number;office_number;office_number_extn;email_id;designation
1;70856;Bedfordshire Buckinghamshire;primary;Nauru;Ergonomic;Handcrafted;Account
2;3592;compressing;Refined Tasty;communities;Ireland;payment extend;Money
3;74513;navigate hacking Producer;seamless Chair Specialist;Functionality Optimization;Configuration Forks Home;index National payment;violet bandwidth
4;544;Aruba Sausages;synthesize Fantastic;generating synthesizing;application transmitting Keyboard;Cliffs;Movies Key Cambridgeshire
5;17983;Plastic Program Outdoors;national parsing;Buckinghamshire;Strategist Soft;Loan;Manager Ergonomic systematic
6;88618;Internal e-services Facilitator;invoice;intranet Chips;connecting leading;out-of-the-box Prairie pink;Generic
7;85436;card Factors silver;Bacon contingency;interface invoice;radical Polarised Passage;Customer Franc Rest;Sausages
8;92373;Bacon UIC-Franc;synthesize matrix;olive;violet;Saint;port viral bandwidth
9;58149;withdrawal generating;Granite;quantifying multi-byte;synthesizing Islands matrix;Buckinghamshire Corners;Centralized
10;80028;quantifying auxiliary;Rial;fuchsia;programming;invoice even-keeled Frozen;one-to-one bypassing
