id;client_id;first_name;last_name;designation;office_number;office_number_extn;mobile_number;email_id;alt_email_id;ownership_ids;allow_access_to_all_users;address_1;address_2;area;city;state;state_code;county;country;country_code;zip_code;profile_ur_ls;messenger_i_ds;status;client_group;about
1;35443;Sylvan;Bayer;metrics applications Yen;EXE Bacon Dynamic;target;payment;Bypass Barbados;compressing Product administration;neural applications;false;Baby;Wooden;context-sensitive;New Ava;utilize Soft Grocery;overriding;SQL;Virgin Islands, British;GI;31760-6795;Functionality Borders;Pants Jewelery;eyeballs Architect;calculating Fantastic;Point
2;10714;Tressie;Greenholt;haptic deposit multi-byte;defect;Fully-configurable;communities;architect strategize engage;Credit bypass Forge;RAM Technician Assimilated;false;Expanded;Baby Shirt;Analyst Licensed;Brentwood;quantifying COM Towels;Music Dynamic;Clothing;Mongolia;GQ;31941-2938;Supervisor Loan SCSI;relationships Mountain program;withdrawal input Peso;Plastic Future Configuration;index Maine
3;54526;Irwin;Hauck;Implementation RAM;analyzing;RSS Buckinghamshire;International;Buckinghamshire Costa;Fish Human User-friendly;Table users teal;true;turquoise purple;green JSON Intranet;Reduced Wooden Hungary;Hahnhaven;CSS Dale non-volatile;Personal best-of-breed;Focused Florida;Bahrain;PG;94693;Leu Sleek;generate;Product firewall;Arkansas;standardization blue
4;43818;Misael;Connelly;interface Ruble Managed;networks Bike Shoal;cutting-edge;1080p array;Plastic Unbranded;Directives Baby e-business;connecting ivory;true;mesh;Internal Customer Zealand;Multi-tiered Market Mount;North Watsonmouth;Steel;synthesizing;deposit;Azerbaijan;KG;33317;Assimilated French;Brand;olive interfaces Ergonomic;Cambridgeshire hack;Bacon
5;18386;Tamia;Yundt;Colorado leverage strategy;Future-proofed;Credit Soft;Savings;Car yellow;Cyprus Officer Cotton;Liaison;false;Mobility;streamline Configuration;FTP enhance;North Gaetano;Designer Auto;reboot Oman;Guarani matrix;Guyana;AT;96893;Legacy Interactions;virtual Sleek;Buckinghamshire;background Table;lavender
6;22836;Thalia;Ruecker;navigating Moldovan;Latvian Front-line;Analyst primary Branding;Soft;Strategist Soap Car;HDD cross-platform;Barthelemy;true;Maldives deposit online;system multi-byte;Investment Market Loan;Magnusport;salmon Reverse-engineered;Coordinator Michigan;engage Rustic Planner;Timor-Leste;MQ;07021-7161;green;Unbranded;Pakistan;Practical ROI;Bedfordshire Dollar
7;22240;Erick;Anderson;ivory;repurpose;calculating port;override hardware Avon;modular Florida Refined;channels morph;Hat Ergonomic User-centric;true;black deliverables Wooden;benchmark Rustic;networks;Starkside;paradigms;Customer Practical;Wooden magenta;Sao Tome and Principe;AG;06334;Public-key Sausages invoice;mindshare Car Interactions;Internal;Wooden feed Secured;Internal
8;65738;Nathanial;Hauck;tan;Berkshire SMS;Borders;Soap;Steel circuit content;bluetooth Togo;violet Bike Marketing;false;Buckinghamshire;PCI Chicken;Factors;Columbus;indigo Principal;Loan blue Cotton;Sharable Berkshire payment;Brazil;AL;54032;Movies;attitude;Islands;Games;Rubber strategic
9;1801;Alice;Walsh;up feed Sausages;Multi-lateral alarm;bus card Chief;Montenegro Haven Tuna;functionalities Iranian;Global;enhance Benin Bedfordshire;true;synergize Oregon;Montana Mississippi Pants;Personal Practical grow;Stammberg;Place Account;Fantastic Texas impactful;project;British Indian Ocean Territory (Chagos Archipelago);NP;77821-3765;innovative revolutionary auxiliary;Concrete District;hybrid Helena;Avon;Kids
10;11626;Reyes;Connelly;Response;payment Borders multi-byte;withdrawal;invoice Colorado Metal;Maldives Metal Applications;Salad magnetic Avon;Creative;false;Account Steel;HDD platforms Jewelery;leading-edge standardization withdrawal;South Woodrowfurt;paradigms open-source firewall;synthesize AGP COM;Idaho copy;Somalia;SA;82021-5455;Alley;Mouse Shoes Arkansas;Czech AGP;global optimizing;Usability generating
