id;job_id;document_title;document_location;document_password
1;75765;Investment maximize array;programming Directives;Birr virtual protocol
2;72079;quantifying bricks-and-clicks withdrawal;Tasty generation;Practical
3;88468;indigo Reactive Checking;Baby;Internal Manager Ruble
4;38466;Licensed;Ergonomic Central green;Yen innovate
5;41713;Fresh Account;compress tan global;Metal
6;98684;quantifying Fresh Fantastic;feed deposit;AI
7;83047;copy AI indigo;orchid Berkshire;synthesizing invoice bottom-line
8;96478;emulation;Outdoors card EXE;Bike
9;2425;deposit Seychelles Loan;enhance;Clothing
10;30557;Cheese Public-key;workforce Centralized Islands;Human Metal
