id;login;password;first_name;last_name;email;activated;lang_key;image_url;activation_key;reset_key;reset_date
1;Games override;Harbor matrix Brand;Boyd;Reinger;Waylon.Borer57@gmail.com;true;array systems;Auto virtual;Assistant;SCSI Shoes up;2023-04-04T08:39:06
2;pink Islands Savings;Savings Sleek Mall;Charlotte;Ullrich;Kade.Lebsack91@gmail.com;false;connecting Dirham Wooden;turquoise Ergonomic;Cotton;definition Concrete;2023-04-03T20:25:36
3;Berkshire;Home Research web-enabled;Dora;Oberbrunner;Landen48@gmail.com;true;partnerships Infrastructure Bedfordshire;fault-tolerant haptic;invoice;facilitate Mouse Dollar);2023-04-03T18:58:39
4;payment synergize;Internal;Jorge;Smitham;Nickolas.Mertz@gmail.com;true;empower multi-byte azure;optimize Table grid-enabled;Soft Accounts;Rubber mint;2023-04-04T08:59:23
5;generate Security Niger;magnetic;Owen;O'Reilly;June_Zieme82@gmail.com;false;demand-driven blue Interface;synthesize mindshare bypassing;copying plug-and-play;withdrawal card;2023-04-03T15:02:55
6;Gorgeous network Direct;Agent auxiliary Avon;Jackson;Yost;Kenyon.Reilly18@hotmail.com;false;lavender Forward;Borders Internal hack;networks Diverse Oval;Loti SCSI;2023-04-03T15:40:21
7;navigate;best-of-breed Swaziland;Drew;Langworth;Maybell_Dach@yahoo.com;false;Integrated JSON SAS;Berkshire synergies salmon;blue robust;mission-critical Robust bi-directional;2023-04-04T11:09:39
8;Operations;Pants Configurable Brunei;Mikayla;VonRueden;Eileen.Wyman11@gmail.com;true;Music;Intranet Borders redundant;overriding Franc white;Land Money;2023-04-04T03:21:35
9;Object-based explicit generate;actuating Granite;Trevion;Erdman;Jacky_Blick97@gmail.com;false;Home International;e-markets Computers initiatives;Manager Utah bus;Guernsey initiatives;2023-04-04T11:01:48
10;Chips platforms;unleash;Lavon;Shields;Janessa_Leuschke44@hotmail.com;false;turquoise;Loan networks;matrix SDD Frozen;directional Sports;2023-04-04T03:32:13
